-- MySQL dump 10.13  Distrib 5.5.47, for debian-linux-gnu (i686)
--
-- Host: localhost    Database: hpdb
-- ------------------------------------------------------
-- Server version	5.5.47-0+deb7u1

/*!40101 SET @OLD_CHARACTER_SET_CLIENT=@@CHARACTER_SET_CLIENT */;
/*!40101 SET @OLD_CHARACTER_SET_RESULTS=@@CHARACTER_SET_RESULTS */;
/*!40101 SET @OLD_COLLATION_CONNECTION=@@COLLATION_CONNECTION */;
/*!40101 SET NAMES utf8 */;
/*!40103 SET @OLD_TIME_ZONE=@@TIME_ZONE */;
/*!40103 SET TIME_ZONE='+00:00' */;
/*!40014 SET @OLD_UNIQUE_CHECKS=@@UNIQUE_CHECKS, UNIQUE_CHECKS=0 */;
/*!40014 SET @OLD_FOREIGN_KEY_CHECKS=@@FOREIGN_KEY_CHECKS, FOREIGN_KEY_CHECKS=0 */;
/*!40101 SET @OLD_SQL_MODE=@@SQL_MODE, SQL_MODE='NO_AUTO_VALUE_ON_ZERO' */;
/*!40111 SET @OLD_SQL_NOTES=@@SQL_NOTES, SQL_NOTES=0 */;

--
-- Table structure for table `cubicles`
--

DROP TABLE IF EXISTS `cubicles`;
/*!40101 SET @saved_cs_client     = @@character_set_client */;
/*!40101 SET character_set_client = utf8 */;
CREATE TABLE `cubicles` (
  `id` int(10) unsigned NOT NULL AUTO_INCREMENT,
  `tag` varchar(30) NOT NULL,
  `name` varchar(5) NOT NULL,
  `station` varchar(3) DEFAULT NULL,
  `description` varchar(250) DEFAULT NULL,
  PRIMARY KEY (`id`),
  UNIQUE KEY `tag_UNIQUE` (`tag`)
) ENGINE=InnoDB AUTO_INCREMENT=176 DEFAULT CHARSET=utf8;
/*!40101 SET character_set_client = @saved_cs_client */;

--
-- Dumping data for table `cubicles`
--

LOCK TABLES `cubicles` WRITE;
/*!40000 ALTER TABLE `cubicles` DISABLE KEYS */;
INSERT INTO `cubicles` VALUES (1,'S2-1098','S2','S',NULL),(2,'S1-1097','S1','S',NULL),(3,'R1-1089','R1','R',NULL),(4,'R2-1-1090','R2','R',NULL),(5,'R3-1092','R3','R',NULL),(6,'R4-2-1094','R4','R',NULL),(7,'R5-1-1095','R5','R',NULL),(8,'A1-1000','A1','A',''),(9,'A2-1001','A2','A',''),(10,'A3-1002','A3','A',''),(11,'B1-1003','B1','B',''),(12,'B2-1004','B2','B',''),(13,'B3-1005','B3','B',''),(14,'C1-1006','C1','C',''),(15,'C2-1007','C2','C',''),(16,'C3-1008','C3','C',''),(17,'D1-1009','D1','D',''),(18,'D2 -1010','D2','D',''),(19,'D3-1011','D3','D',''),(20,'E1-1012','E1','E',''),(21,'E2-1013','E2','E',''),(22,'E3-1014','E3','E',''),(23,'F1-1015','F1','F',''),(24,'F2-1016','F2','F',''),(25,'F3-1017','F3','F',''),(26,'F4-1018','F4','F',''),(27,'F5-1019','F5','F',''),(28,'F6-1020','F6','F',''),(29,'G1-1021','G1','G',''),(30,'G2-1022','G2','G',''),(31,'G3-1023','G3','G',''),(32,'G4-1024','G4','G',''),(33,'G5-1025','G5','G',''),(34,'G6-1026','G6','G',''),(35,'H1-1027','H1','H',''),(36,'H2-1028','H2','H',''),(37,'H3-1029','H3','H',''),(38,'H4-1030','H4','H',''),(39,'H5-1031','H5','H',''),(40,'H6-1032','H6','H',''),(41,'I1-1033','I1','I',''),(42,'I2-1034','I2','I',''),(43,'I3-1035','I3','I',''),(44,'I4-1036','I4','I',''),(45,'I5-1037','I5','I',''),(46,'I6-1038','I6','I',''),(47,'J1-1039','J1','J',''),(48,'J2-1040','J2','J',''),(49,'J3-1041','J3','J','HP Scanner desk'),(50,'J4-1042','J4','J',''),(51,'J5-1043','J5','J',''),(52,'J6-1044','J6','J',''),(53,'K1-1045','K1','K',''),(54,'K2-1046','K2','K',''),(55,'K3-1047','K3','K',''),(56,'K4-1048','K4','K',''),(57,'K5-1049','K5','K',''),(58,'K6-1050','K6','K',''),(59,'L1-1051','L1','L',''),(60,'L2-1052','L2','L',''),(61,'L3-1053','L3','L',''),(62,'L4-1054','L4','L',''),(63,'L5-1055','L5','L',''),(64,'L6-1056','L6','L',''),(65,'M1-1057','M1','M',''),(66,'M2-1058','M2','M',''),(67,'M3-1059','M3','M',''),(68,'M4-1060','M4','M',''),(69,'M5-1061','M5','M',''),(70,'N1-1062','N1','N',''),(71,'N2-1063','N2','N',''),(72,'N3-1064','N3','N',''),(73,'N4-1065','N4','N',''),(74,'N5-1066','N5','N',''),(75,'O1-1067','O1','O',''),(76,'O2-1068','O2','O',''),(77,'O3-1069','O3','O',''),(78,'O4-1070','O4','O',''),(79,'O5-1071','O5','O',''),(80,'P1-1072','P1','P',''),(81,'P2-1073','P2','P',''),(82,'P3-1074','P3','P',''),(83,'P4-1075','P4','P',''),(84,'P5-1076','P5','P',''),(85,'Q1-1083','Q1','Q',''),(86,'Q2-1-1084','Q2','Q',''),(87,'Q3-1086','Q3','Q',''),(88,'Q4-1087','Q4','Q',''),(89,'Q5-1088','Q5','Q',''),(97,'S3-1099','S3','S',''),(98,'S4-1100','S4','S',''),(99,'S5-1101','S5','S',''),(100,'T1-1102','T1','T',''),(101,'T2-1103','T2','T',''),(102,'T3-1104','T3','T',''),(103,'T4-1105','T4','T',''),(104,'T5-1106','T5','T',''),(105,'0','0','0','Hannah\'s Desk'),(106,'U1-1109','U1','U',''),(107,'U2-1110','U2','U',''),(108,'U3-1111','U3','U',''),(109,'V1-1112','V1','V',''),(110,'V2-1113','V2','V',''),(111,'V3-1114','V3','V',''),(112,'V4-1115','V4','V',''),(113,'V5-1116','V5','V',''),(115,'W1-1117','W1','W',''),(116,'W2-1118','W2','W',''),(117,'W3-1119','W3','W',''),(118,'POD 1-1077','PO','P',''),(119,'POD 2-1078','PO','P',''),(120,'POD 3-1079','PO','P',''),(121,'POD 4-1080','PO','P',''),(122,'POD 5-1081','PO','P',''),(123,'POD 6-1082','PO','P',''),(133,'Q2-2-1085','Q2','Q',NULL),(134,'R2-2-1091','R2','R',NULL),(135,'R4-1-1093','R4','R',NULL),(136,'R5-2-1096','R5','R',NULL),(137,'Training 1-1107','TR','1',NULL),(138,'Training 2-1108','TR','1',NULL),(139,'PSGREMOTE-33','RM','2',NULL),(140,'PSGLAP-1','PSG','3',NULL),(141,'PSGLAP-2','PSG','3',NULL),(142,'PSGLAP-3','PSG','3',NULL),(143,'PSGLAP-4','PSG','3',NULL),(144,'PSGLAP-5','PSG','3',NULL),(145,'PSGLAP-6','PSG','3',NULL),(146,'PSGLAP-7','PSG','3',NULL),(147,'PSGLAP-8','PSG','3',NULL),(148,'PSGLAP-9','PSG','3',NULL),(149,'PSGLAP-10','PSG','3',NULL),(150,'PSGLAP-11','PSG','3',NULL),(151,'PSGLAP-12','PSG','3',NULL),(152,'PSGLAP-13','PSG','3',NULL),(153,'PSGLAP-14','PSG','3',NULL),(154,'PSGLAP-15','PSG','3',NULL),(155,'PSGLAP-16','PSG','3',NULL),(156,'PSGLAP-17','PSG','3',NULL),(157,'PSGLAP-18','PSG','3',NULL),(158,'PSGLAP-19','PSG','3',NULL),(159,'PSGLAP-20','PSG','3',NULL),(160,'PSGDOC-21','PSG','4',NULL),(161,'PSGDOC-22','PSG','4',NULL),(162,'PSGDOC-23','PSG','4',NULL),(163,'PSGDOC-24','PSG','4',NULL),(164,'PSGDOC-25','PSG','4',NULL),(165,'PSGDOC-26','PSG','4',NULL),(166,'PSGDOC-27','PSG','4',NULL),(167,'PSGDOC-28','PSG','4',NULL),(168,'PSGPH-29','PH','5',NULL),(169,'PSGPH-30','PH','5',NULL),(171,'PSGPH-31','PH','5',NULL),(172,'PSGPH-32','PH','5',NULL),(173,'Front Desk','FD','6',NULL),(174,'Mtg Room','MTG','7',NULL),(175,'NA','NA','NA','Ambiguous');
/*!40000 ALTER TABLE `cubicles` ENABLE KEYS */;
UNLOCK TABLES;

--
-- Table structure for table `employee`
--

DROP TABLE IF EXISTS `employee`;
/*!40101 SET @saved_cs_client     = @@character_set_client */;
/*!40101 SET character_set_client = utf8 */;
CREATE TABLE `employee` (
  `id` int(10) unsigned NOT NULL AUTO_INCREMENT,
  `first_name` varchar(30) NOT NULL,
  `middle_name` varchar(30) DEFAULT NULL,
  `last_name` varchar(30) NOT NULL,
  `email` varchar(30) NOT NULL,
  `photo` varchar(255) DEFAULT '000012.png',
  `gender` enum('M','F') DEFAULT NULL,
  `project` int(10) unsigned NOT NULL DEFAULT '9',
  `locations` int(10) unsigned NOT NULL,
  PRIMARY KEY (`id`),
  KEY `project_idx` (`project`),
  KEY `locations_idx` (`locations`)
) ENGINE=InnoDB AUTO_INCREMENT=205 DEFAULT CHARSET=utf8;
/*!40101 SET character_set_client = @saved_cs_client */;

--
-- Dumping data for table `employee`
--

LOCK TABLES `employee` WRITE;
/*!40000 ALTER TABLE `employee` DISABLE KEYS */;
INSERT INTO `employee` VALUES (1,'Mercedes',NULL,'McReynolds','mcreynolds@hp.com','Mercedes_McReynolds.jpg','F',9,108),(2,'Robert',NULL,'Whitehorn','robert.whitehorn@hp.com  ','RobertWhitehorn.jpg','M',9,9),(3,'Justin',NULL,'Gaddy','justin.gaddy@hp.com ','000012.png','M',9,44),(4,'Karen',NULL,'Perez','karenp@hp.com ','000012.png','M',9,175),(5,'Diana',NULL,'Socarro','diana.socarro@hp.com  ','Diana_Socarro.jpg','F',3,66),(6,'Zack',NULL,'Dzwonkiewicz','dzwonkiewicz@hp.com ','Zackery_Dzwonkiewicz_(2).jpg','M',3,74),(7,'Marcus',NULL,'Hill','marcus.hill2@hp.com ','Marcus_Hill.jpg','M',3,6),(8,'Michelle',NULL,'Campbell','le.campbell2@hp.com  ','Michelle_Campbell.jpg','F',1,80),(9,'Laurie',NULL,'Booth','laurie.booth@hp.com','Laurie_Booth.jpg','F',1,81),(10,'Tonya',NULL,'Cruse','tonya.cruse@hp.com  ','Tonya_Cruse.jpg','F',1,82),(11,'Trenton',NULL,'Tisdale','trenton.tisdale@hp.com','TrentonTisdale.jpg','M',1,84),(12,'Jack',NULL,'Baker','jack.baker@hp.com','000012.png','M',1,117),(13,'Timothy',NULL,'Stow','timothy.stow@hp.com ','Tim_Stow.jpg','M',1,75),(14,'Michael',NULL,'Saiz','michael.saiz@hp.com  ','Michael_Saiz.jpg','M',9,135),(15,'Vitaly','Valerievich','Borodin','vitaly.borodin@hp.com','Vitaly_Borodin.jpg','M',2,1),(16,'Nathan',NULL,'Brown','nathan.brown2@hp.com ','000012.png','M',6,78),(17,'Ben',NULL,'Nelson','benjamin.nelson@hp.com  ','000012.png','M',6,53),(18,'Tomas',NULL,'Smallwood','tomas.smallwood@hp.com ','000012.png','M',6,57),(19,'Nick',NULL,'Winnie','nick.winnie@hp.com  ','000012.png','M',6,56),(20,'Marshall',NULL,'Magee','marshall.magee@hp.com  ','Marshall_Magee.jpg','M',6,87),(21,'Mary',NULL,'Brown','mary.brown6@hp.com','Mary_Brown.jpg','F',8,175),(22,'Stephen',NULL,'Hicks','shicks@hp.com ','000012.png','M',8,175),(23,'Teresa',NULL,'Whitney','teresa.whitney@hp.com  ','000012.png','F',8,69),(24,'Dakota',NULL,'Robinson','dakota.robinson@hp.com  ','Dakota_Robinson.jpg','F',8,175),(25,'Larry',NULL,'Passmore','larry.passmore@hp.com  ','Larry_Passmore.jpg','M',9,70),(26,'Sherman','V','Bui','sherman.v.bui@hp.com  ','Sherman_Bui.jpg','M',9,2),(27,'Arn',NULL,'Heese','arn.heese@hp.com  ','Arn_Heese.jpg','M',9,115),(28,'Cole',NULL,'Holliday','cole.wya.holliday@hp.com ','Cole_Holliday.jpg','M',10,13),(29,'Cierra',NULL,'Law','cierra.law@hp.com  ','Cierra_Law.jpg','F',10,12),(30,'Viktor',NULL,'Lugo','vlugo@hp.com  ','000012.png','M',10,16),(31,'Jadon',NULL,'Howard','jadon.howard@hp.com  ','Jadon_Howard.jpg','M',10,68),(32,'Michael',NULL,'Stout','michael.stout@hp.com  ','Michael_Stout.jpg','F',11,85),(33,'Charles',NULL,'Brownell','charles.brownell@hp.com  ','000012.png','M',11,3),(34,'Ed',NULL,'Rugg','edward.c.rugg@hp.com ','EdRugg.jpg','M',11,5),(35,'Drew',NULL,'Waldren','drew.waldren@hp.com  ','000012.png','M',11,4),(36,'Crystal',NULL,'Caynor','crystal.caynor@hp.com  ','000012.png','F',11,86),(37,'Martin',NULL,'Webb','martin.webb@hp.com  ','Martin_Webb.jpg','M',11,175),(38,'David',NULL,'Marchand','david.march@hp.com  ','000012.png','M',11,88),(39,'Brian',NULL,'Jones','brian.jones2@hp.com ','000012.png','M',11,175),(40,'OPEN','OPEN','OPEN','------------','000012.png','M',9,175),(41,'Kelly',NULL,'Crenshaw','kelly.crenshaw@hp.com','000012.png','M',9,10),(42,'Jesse','W','Parker','jesse.w.parker@hp.com','Jesse_Parker.jpg','M',9,21),(43,'Bruce',NULL,'Denney','bruce.denney@hp.com','Bruce_Denny.jpg','M',9,22),(44,'Stephen','J','Marvin','stephen.j.marvin@hp.com','000012.png','M',9,118),(45,'Tim',NULL,'Ehlert','tim.ehlert@hp.com','000012.png','M',9,175),(46,'Dane',NULL,'Gerhardt','dane.gerhardt@hp.com','Dane_Gerhardt.jpg','M',9,13),(47,'Trevor',NULL,'Ward','trevor.ward@hp.com','000012.png','M',9,101),(48,'Brenda','Kar','Grajeda','brenda.kar.grajeda@hp.com','Brenda_Grajeda.jpg','F',9,102),(49,'Nasia',NULL,'Lor','nasia.lor@hp.com','000012.png','F',9,107),(50,'Chris',NULL,'Southworth','chris.southworth@hp.com','Chris_Southworth.jpg','M',9,111),(51,'Zachary','D','Unruh','zachary.d.unruh@hp.com','Zach_Unruh.jpg','M',9,112),(52,'Phil',NULL,'Parker','philip.parker@hp.com','Phil_Parker.png','M',9,116),(53,'Jenea','Law','Baker','jenea.b.law@hp.com','Jenea_Baker.jpg','F',9,117),(54,'PSG Inventory',NULL,'','--------------------','','M',9,175),(56,'Test',' Test','Test',' Tets@test.test','000012.png','M',9,9),(57,'Rohit',NULL,'Khanna','rohit.khanna@hp.com','Rohit_Khanna.jpg','M',9,100),(58,'Timothy',NULL,'Hillhouse','tim.hillhouse@hp.com','Timothy_Hillhouse.jpg','M',9,110),(59,'Chirs',NULL,'Amburgey','chris.d.amburgey@hp.com','Chirs_Amburgey.jpg','M',9,175),(60,'Katelyn',NULL,'Isbell','katelyn.isbell@hp.com','Katelyn_Isbell.jpg','F',9,111),(61,'Barry',NULL,'Glennon','barry.glennon@hp.com','Barry_Glennon.jpg','M',9,175),(62,'Patrick',NULL,'Kunnecke','patrick.kunnecke@hp.com','Patrick_Kunnecke.jpg','M',9,66),(63,'James',NULL,'Nolker','james.mat.nolker@hp.com','James_Nolker.jpg','M',9,175),(64,'Hannah',NULL,'Fitch','fitch@hp.com','Hannah_Fitch.jpg','F',9,175),(65,'Baine',NULL,'Farmer','farmer@hp.com','Baine_Farmer.jpg','M',9,175),(66,'Noel',NULL,'Bachler','noel.bachler@hp.com','000012.png','M',9,175),(67,'John',NULL,'Cook','john.cook@hp.com','John_Cook.jpg','M',9,175),(68,'Brendon',NULL,'Dobbs','brendon.dobbs@hp.com','Brendon_Dobbs.jpg','M',9,175),(69,'George',NULL,'Holmes','george.holmes1@hp.com','George_Holmes.jpg','M',9,175),(70,'Timothy',NULL,'Sturgeon','timothy.sturgeon@hp.com','Timothy_Sturgeon.jpg','M',9,175),(71,'Michael',NULL,'LaVallee','michael.lavallee@hp.com','Michael_LaVallee.jpg','M',9,175),(72,'Denise',NULL,'Myers','denise.myers@hp.com','000012.png','F',9,175),(73,'Ray',NULL,'Mattmann','ray.mattman@hp.com','Ray_Mattmann.jpg','M',9,175),(74,'Cora',NULL,'Taylor','core.taylor@hp.com','Cora_Taylor.jpg','F',9,175),(75,'Nick',NULL,'Francavigilia','nicholas.francaviglia@hp.com','Nicholas_Francaviglia.jpg','M',9,67),(76,'James',NULL,'Burch','burch@hp.com','James_Burch.jpg','M',9,175),(77,'Brandon',NULL,'Jardine','brandon.jardine@hp.com','Brandon_Jardine.jpg','M',9,104),(123,'Allen',NULL,'Ullery','','Allen_Ullery.jpg',NULL,9,0),(127,'Cathy',NULL,'Rader','','Cathy_Rader.jpg',NULL,9,0),(129,'David',NULL,'Campbell','','David_Campbell.jpg',NULL,9,0),(130,'David','','Kane','dkane@hp.com','David_Kane.jpg','M',9,105),(131,'Dawn',NULL,'Myers','','Dawn_Myers.jpg',NULL,9,0),(132,'Dylan',NULL,'Phillips','','Dylan_Phillips.jpg',NULL,9,0),(133,'Elzie',NULL,'Haskett','','Elzie_Haskett.jpg',NULL,9,0),(134,'Maurice','E','Bransford','','E_Maurice_Bransford.jpg',NULL,9,0),(138,'Jeffrey',NULL,'Wann','','Jeffrey_Wann.jpg',NULL,9,0),(139,'Jeff',NULL,'White','','Jeff_White.jpg',NULL,9,0),(140,'Jeremy',NULL,'Cheek','','Jeremy_Cheek.jpg',NULL,9,0),(141,'Jerlin','Mata','Lazo','','Jerlin_Mata_Lazo.jpg',NULL,9,0),(142,'Jerry',NULL,'Ames','','Jerry_Ames.jpg',NULL,9,0),(143,'Jesse','','Hill','jesse.hill@hp.com','Jesse_Hill.jpg','M',9,105),(144,'Jim',NULL,'Spencer','','Jim_Spencer.jpg',NULL,9,0),(145,'Joe',NULL,'Manjarrez','','Joe_Manjarrez.jpg',NULL,9,0),(146,'John',NULL,'Bianchi','','John_Bianchi_Photo.jpg',NULL,9,0),(148,'John',NULL,'Hendrickson','','John_Hendrickson.jpg',NULL,9,0),(149,'Josephine',NULL,'Dollente','','Josephine_Dollente.jpg',NULL,9,0),(150,'Josh',NULL,'Pham','','Josh_Pham.jpg',NULL,9,0),(152,'Makayla',NULL,'Morrison','','Makayla_Morrison.jpg',NULL,9,0),(153,'Matthew',NULL,'Everett','','Matthew_Everett.jpg',NULL,9,0),(154,'Matt',NULL,'McCool','','Matt_McCool,_21913823.jpg',NULL,9,0),(155,'Michael',NULL,'Brady','','Michael_Brady.jpg',NULL,9,0),(156,'Norberto',NULL,'Marquez','','Norberto_Marquez.jpg',NULL,9,0),(158,'Penny',NULL,'Anderson','','Penny_Anderson.jpg',NULL,9,0),(159,'ReedM','M','Rogers','','ReedMRogers.jpg',NULL,9,0),(160,'Rick',NULL,'Dover','','Rick_Dover.jpg',NULL,9,0),(161,'Robert',NULL,'Grandinetti','','Robert_Grandinetti.jpg',NULL,9,0),(162,'Roger',NULL,'Amos','','Roger_Amos.jpg',NULL,9,0),(164,'Ronnie',NULL,'Head','','Ronnie_Head.jpg',NULL,9,0),(165,'Rose',NULL,'Boettger','','Rose_Boettger.jpg',NULL,9,0),(166,'Scott',NULL,'Ward','','Scott_Ward.jpg',NULL,9,0),(167,'Sean',NULL,'Carey','','Sean_Carey.jpg',NULL,9,0),(168,'Tammy',NULL,'Krecklow','','Tammy_Krecklow.jpg',NULL,9,0),(169,'Teresa','Hester','Hester','','Teresa_Hester-Allen.jpg',NULL,9,0),(171,'Troy',NULL,'Perkins','','Troy_Perkins.jpg',NULL,9,0),(172,'Tyler',NULL,'Zelten','','Tyler_Zelten.jpg',NULL,9,0),(173,'William',NULL,'Beil','','William_Beil.jpg',NULL,9,0),(174,'Zachery',NULL,'O\'Conner','','Zachery_O\'Conner.jpg',NULL,9,0),(176,'Sing in',NULL,'Station','','000012.png',NULL,9,0),(180,'Myers',NULL,'Denise','denise.myers@hp.com','Denise_Myers.jpg',NULL,9,0),(184,'April',NULL,'Oldebeken','April.Oldebeken@hp.com','April_Oldebeken.jpg',NULL,9,0),(185,'Reece',NULL,'O Brien','reece.o.brien@hp.com ','Reece_O\'Brien.jpg',NULL,9,0),(187,'Ashley',NULL,'Cobbs','ashley.cobbs@hp.com','Ashley_Cobbs.jpg',NULL,9,0);
/*!40000 ALTER TABLE `employee` ENABLE KEYS */;
UNLOCK TABLES;

--
-- Table structure for table `equipment`
--

DROP TABLE IF EXISTS `equipment`;
/*!40101 SET @saved_cs_client     = @@character_set_client */;
/*!40101 SET character_set_client = utf8 */;
CREATE TABLE `equipment` (
  `equipment_id` int(10) unsigned NOT NULL AUTO_INCREMENT,
  `equipment_name` varchar(30) NOT NULL,
  `discriptions` varchar(250) DEFAULT NULL,
  PRIMARY KEY (`equipment_id`)
) ENGINE=InnoDB AUTO_INCREMENT=12 DEFAULT CHARSET=utf8;
/*!40101 SET character_set_client = @saved_cs_client */;

--
-- Dumping data for table `equipment`
--

LOCK TABLES `equipment` WRITE;
/*!40000 ALTER TABLE `equipment` DISABLE KEYS */;
INSERT INTO `equipment` VALUES (1,'Thin Client',NULL),(2,'Chair',NULL),(3,'Filing Cabinet',NULL),(4,'Desk',NULL),(5,'Keyboard',NULL),(6,'Mouse',NULL),(7,'Headset',NULL),(8,'Laptop',NULL),(9,'Docking Station',NULL),(10,'Monitor',NULL),(11,'Phone',NULL);
/*!40000 ALTER TABLE `equipment` ENABLE KEYS */;
UNLOCK TABLES;

--
-- Table structure for table `inventory`
--

DROP TABLE IF EXISTS `inventory`;
/*!40101 SET @saved_cs_client     = @@character_set_client */;
/*!40101 SET character_set_client = utf8 */;
CREATE TABLE `inventory` (
  `inventory_id` int(10) unsigned NOT NULL AUTO_INCREMENT,
  `tag` varchar(30) DEFAULT NULL,
  `model_brand` varchar(255) DEFAULT NULL,
  `equipment` int(10) unsigned DEFAULT NULL,
  `employee` int(10) unsigned DEFAULT NULL,
  `cubicle` int(10) unsigned DEFAULT NULL,
  PRIMARY KEY (`inventory_id`),
  UNIQUE KEY `tag_UNIQUE` (`tag`),
  KEY `equipment_idx` (`equipment`),
  KEY `employee_idx` (`employee`),
  KEY `cubicle_idx` (`cubicle`),
  CONSTRAINT `cubicle` FOREIGN KEY (`cubicle`) REFERENCES `cubicles` (`id`) ON DELETE NO ACTION ON UPDATE NO ACTION,
  CONSTRAINT `employee` FOREIGN KEY (`employee`) REFERENCES `employee` (`id`) ON DELETE NO ACTION ON UPDATE NO ACTION,
  CONSTRAINT `equipment` FOREIGN KEY (`equipment`) REFERENCES `equipment` (`equipment_id`) ON DELETE NO ACTION ON UPDATE NO ACTION
) ENGINE=InnoDB AUTO_INCREMENT=595 DEFAULT CHARSET=utf8;
/*!40101 SET character_set_client = @saved_cs_client */;

--
-- Dumping data for table `inventory`
--

LOCK TABLES `inventory` WRITE;
/*!40000 ALTER TABLE `inventory` DISABLE KEYS */;
INSERT INTO `inventory` VALUES (2,'CNU2171W03',NULL,8,28,13),(4,'CNU147124N',NULL,8,25,70),(6,'CNU25290JJ',NULL,8,8,80),(7,'CNU3209Q1M',NULL,8,32,85),(8,'CNU241BPKD',NULL,8,40,175),(9,'CNU211212N',NULL,8,38,88),(13,'CNU2330YTH',NULL,8,34,5),(14,'CNU329BPJ1',NULL,8,26,2),(15,'CNU25291XD',NULL,8,40,175),(17,'CNU0264L9W',NULL,8,46,98),(18,'CNU317CF1W',NULL,8,40,99),(19,'CNU2132P7W',NULL,8,40,106),(20,'CNU330BNRS',NULL,8,49,107),(21,'CNU406BDGS',NULL,8,1,108),(22,'CNU2230KZN',NULL,8,40,110),(24,'CNU319CPL8',NULL,8,52,116),(25,'CNU320904Y ',NULL,8,60,111),(26,'CNU12519ZW',NULL,8,40,139),(27,'CND0320J9T',NULL,8,54,140),(29,'CNU2171RSJ',NULL,8,54,142),(30,'CNU1384TW2',NULL,8,54,143),(31,'CNU2123F2P',NULL,8,54,144),(32,'CNU2449ZT0',NULL,8,54,145),(33,'CNU2151LW6',NULL,8,54,146),(35,'C3Q91UC#ABA',NULL,8,54,148),(37,'CNU02944MV',NULL,8,54,150),(38,'CNU2132S51',NULL,8,54,151),(41,'2CE3350XX4',NULL,8,54,154),(42,'2CE307166B',NULL,8,54,155),(43,'CNU0350HF7',NULL,8,54,156),(45,'PB2RD9M',NULL,8,54,158),(46,'CNU2022XZC',NULL,8,57,100),(48,'CNU410Z2FN',NULL,9,17,53),(49,'CNU215Z20L',NULL,9,25,70),(51,'CNU049Z4JW',NULL,9,8,80),(52,'CNU249XK4R',NULL,9,40,121),(53,'CNU346XCY1',NULL,9,71,5),(54,'CNU412XFHJ',NULL,9,20,87),(55,'CNU150XGJ7',NULL,9,38,88),(56,'CNU409X6XS',NULL,9,33,3),(57,'CNU322Z1DF',NULL,9,35,4),(59,'CNU419XPXH',NULL,9,34,5),(60,'CNU402ZY5K',NULL,9,24,89),(61,'CNU125XV45',NULL,9,15,1),(62,'CNU227Z0MW',NULL,9,40,97),(63,'CNU245WH3Y',NULL,9,46,98),(64,'CNU3472MHH',NULL,9,40,99),(65,'5CG425Z03W',NULL,9,40,106),(66,'CNU436206C',NULL,9,49,107),(67,'CNU435W0GW',NULL,9,1,108),(68,'CNU249XK05',NULL,9,40,175),(69,'CNU347XZ4R',NULL,9,52,116),(70,'CNU249XJY0',NULL,9,54,160),(71,'CNU215Z44S',NULL,9,54,161),(72,'CNU848Z15K',NULL,9,54,162),(73,'CNU417X4YJ',NULL,9,54,163),(74,'CNU322Z1CC',NULL,9,54,164),(75,'5CG433ZWY4',NULL,9,46,65),(76,'CNU227Z0NW',NULL,9,54,166),(77,'5CG429ZC2C',NULL,9,54,167),(80,'BAUHP0MCP2D3PV',NULL,5,40,10),(81,'BAUHP0MLU0WDV6',NULL,5,40,11),(82,'BAUHP0MLU0WDMJ',NULL,5,40,12),(83,'BAUHP0MLU0WDOW',NULL,5,28,13),(84,'BAUHP0MLU0WDSK',NULL,5,30,16),(85,'BAUHP0MLU0WCNH',NULL,5,40,17),(86,'BAUHP0MCP0X4MV',NULL,5,40,18),(87,'BAUHP0MLU0WDUS',NULL,5,40,19),(88,'BAUHP0MLU0WDTJ',NULL,5,42,21),(89,'BAUHP0MLU0W6UD',NULL,5,40,26),(90,'BAUHP0MCP1X9YW',NULL,5,40,32),(91,'BAUHP0MCP1X8S7',NULL,5,40,35),(92,'BAUHP0MVB1B75H',NULL,5,40,36),(93,'BAUHP0MLU0WE88',NULL,5,40,37),(94,'BAUHP0MCP0WKOK',NULL,5,40,38),(95,'BAUHP0MLU0WBIX',NULL,5,40,39),(96,'BAUHP0MCP1X7PA',NULL,5,40,40),(97,'BAUHP0MLU0WDYL',NULL,5,40,41),(98,'AJ05564102',NULL,5,40,42),(99,'BAUHP0MLU0WDSJ',NULL,5,40,43),(100,'BAUHP0MCP0WKJS',NULL,5,3,44),(101,'BAUHP0MCP1X9YZ',NULL,5,40,45),(102,'BAUHP0MCP0YDKT',NULL,5,40,46),(103,'BAUHP0MLU0WDTN',NULL,5,40,50),(104,'BAUHP0MLU0WDOP',NULL,5,40,51),(105,'AJ05563934',NULL,5,17,53),(106,'BDAGP0N5Y5FT83',NULL,5,40,54),(107,'BAUHP0MLU0WDTX',NULL,5,40,55),(108,'BAUHP0MLU0WDSN',NULL,5,19,56),(109,'BAUHP0MLU0WDTH',NULL,5,18,57),(110,'BAUHP0MVB1E3YJ',NULL,5,40,58),(111,'AJ05563921',NULL,5,40,59),(112,'AJ05564073',NULL,5,5,66),(113,'AJ05564075',NULL,5,5,66),(114,'AJ05564072',NULL,5,40,67),(115,'AJ05564077',NULL,5,31,68),(116,'AJ05564076',NULL,5,23,69),(117,'AJ05564080',NULL,5,25,70),(118,'AJ05564079',NULL,5,40,71),(119,'AJ05564078',NULL,5,40,72),(120,'AJ05564081',NULL,5,40,73),(121,'AJ05564082',NULL,5,6,74),(122,'AJ05564084',NULL,5,6,74),(124,'AJ05564085',NULL,5,40,77),(125,'AJ05564088',NULL,5,21,78),(126,'AJ05564090',NULL,5,8,80),(127,'AJ05564087',NULL,5,9,81),(128,'AJ05564086',NULL,5,10,82),(129,'AJ05564092',NULL,5,12,79),(130,'AJ05564091',NULL,5,11,84),(131,'BAUHP0MCP0YEEX',NULL,5,40,121),(132,'BAUHP0MCP0YEEV',NULL,5,40,123),(133,'AJ05564094',NULL,5,36,86),(135,'AJ05564093',NULL,5,20,87),(136,'AJ05564097',NULL,5,38,88),(137,'AJ05564096',NULL,5,40,89),(138,'AJ05564070',NULL,5,33,3),(139,'AJ05564098',NULL,5,35,4),(141,'AJ05564071',NULL,5,34,5),(142,'AJ05564067',NULL,5,14,135),(143,'AJ05564069',NULL,5,14,135),(145,'AJ05564068',NULL,5,7,6),(148,'AJ05564065',NULL,5,26,2),(149,'AJ05560242',NULL,5,40,104),(150,'BAUHP0MLU0WBGL',NULL,5,40,137),(151,'BAUHP0IVBZLLKB',NULL,5,40,106),(152,'BAUHP0MLU0WBIB',NULL,5,49,107),(153,'BAUHP0MCP1X9YH',NULL,5,40,109),(155,'AJ05559721',NULL,4,40,121),(156,'AJ05559722',NULL,4,40,122),(157,'AJ05559700',NULL,4,40,123),(158,'AJ05560014',NULL,4,40,8),(159,'AJ05559991',NULL,4,40,9),(160,'AJ05560026',NULL,4,40,10),(161,'AJ05560033',NULL,4,40,11),(162,'AJ05560057',NULL,4,40,12),(163,'AJ05560045',NULL,4,28,13),(164,'AJ05560050',NULL,4,40,14),(165,'AJ05560038',NULL,4,40,15),(166,'AJ05560073',NULL,4,30,16),(167,'AJ05560078',NULL,4,40,17),(168,'AJ05560066',NULL,4,40,18),(169,'AJ05560054',NULL,4,40,19),(170,'AJ05560119',NULL,4,42,21),(171,'AJ05560107',NULL,4,43,22),(172,'AJ05559886',NULL,4,40,26),(173,'AJ05559954',NULL,4,40,32),(174,'AJ05559973',NULL,4,40,35),(175,'AJ05559961',NULL,4,40,36),(176,'AJ05559949',NULL,4,40,37),(177,'AJ05559937',NULL,4,40,38),(178,'AJ05559950',NULL,4,40,39),(179,'AJ05559938',NULL,4,40,40),(180,'AJ05559868',NULL,4,40,41),(181,'AJ05559880',NULL,4,40,42),(182,'AJ05559845',NULL,4,40,43),(183,'AJ05559857',NULL,4,3,44),(184,'AJ05559844',NULL,4,40,45),(185,'AJ05559856',NULL,4,40,46),(186,'AJ05559833',NULL,4,40,47),(187,'AJ05559798',NULL,4,40,48),(188,'AJ05559810',NULL,4,40,49),(189,'AJ05559797',NULL,4,40,50),(190,'AJ05559809',NULL,4,40,51),(191,'AJ05563922',NULL,4,17,53),(192,'AJ05563935',NULL,4,17,53),(193,'AJ05559788',NULL,4,40,54),(194,'AJ05559753',NULL,4,40,55),(195,'AJ05559787',NULL,4,19,56),(196,'AJ05559752',NULL,4,18,57),(197,'AJ05559764',NULL,4,40,58),(198,'AJ05559771',NULL,4,40,59),(199,'AJ05559714',NULL,4,40,60),(200,'AJ05563945',NULL,4,40,61),(201,'AJ05559706',NULL,4,40,62),(202,'AJ05559731',NULL,4,40,63),(203,'AJ05559743',NULL,4,40,64),(204,'AJ05559435',NULL,4,5,66),(205,'AJ05559434',NULL,4,40,67),(206,'AJ05559438',NULL,4,31,68),(207,'AJ05559437',NULL,4,23,69),(208,'AJ05559484',NULL,4,25,70),(209,'AJ05559496',NULL,4,40,71),(210,'AJ05559461',NULL,4,40,72),(211,'AJ05559460',NULL,4,40,73),(212,'AJ05559472',NULL,4,6,74),(213,'AJ05559529',NULL,4,13,75),(214,'AJ05559541',NULL,4,40,76),(215,'AJ05559506',NULL,4,40,77),(216,'AJ05559505',NULL,4,21,78),(217,'AJ05559525',NULL,4,8,80),(218,'AJ05559554',NULL,4,9,81),(219,'AJ05559566',NULL,4,10,82),(220,'AJ05559577',NULL,4,12,79),(221,'AJ05559589',NULL,4,11,84),(222,'AJ05559669',NULL,4,2,118),(223,'AJ05559709',NULL,4,40,121),(224,'AJ05559710',NULL,4,40,122),(225,'AJ05559735',NULL,4,40,123),(226,'AJ05559604',NULL,4,32,85),(227,'AJ05559616',NULL,4,36,86),(229,'AJ05559628',NULL,4,20,87),(230,'AJ05559627',NULL,4,38,88),(231,'AJ05559639',NULL,4,40,89),(232,'AJ05559648',NULL,4,33,3),(233,'AJ05559612',NULL,4,35,4),(235,'AJ05559649',NULL,4,34,5),(236,'AJ05559624',NULL,4,14,135),(238,'AJ05559636',NULL,4,40,7),(240,'AJ05559650',NULL,4,26,2),(241,'AJ05559685',NULL,4,15,1),(242,'AJ05559673',NULL,4,40,97),(243,'AJ05559661',NULL,4,46,98),(244,'AJ05559662',NULL,4,40,99),(245,'AJ05560290',NULL,4,40,104),(246,'AJ05560112',NULL,4,40,137),(247,'AJ05560111',NULL,4,40,138),(248,'AJ05560238',NULL,4,40,106),(249,'AJ05560250',NULL,4,49,107),(250,'AJ05560226',NULL,4,1,108),(251,'AJ05560263',NULL,4,40,109),(252,'AJ05560228',NULL,4,40,110),(253,'AJ05560240',NULL,4,50,111),(254,'AJ05560264',NULL,4,51,112),(255,'AJ05560252',NULL,4,58,113),(256,'AJ05559406',NULL,4,27,115),(257,'AJ05559394',NULL,4,52,116),(258,'AJ05560081',NULL,3,40,8),(260,'AJ05560017',NULL,3,40,10),(261,'AJ05560105',NULL,3,40,12),(262,'AJ05560034',NULL,3,28,13),(263,'AJ05560052',NULL,3,40,15),(264,'AJ05559738',NULL,3,30,16),(265,'AJ05560093',NULL,3,40,17),(266,'AJ05559883',NULL,3,40,18),(267,'AJ05560117',NULL,3,40,19),(268,'AJ05560086',NULL,3,42,21),(269,'AJ05560098',NULL,3,43,22),(270,'AJ05559940',NULL,3,40,37),(271,'AJ05559945',NULL,3,40,38),(272,'AJ05560022',NULL,3,40,40),(273,'AJ05560058',NULL,3,40,42),(274,'AJ05559840',NULL,3,3,44),(275,'AJ05559871',NULL,3,40,45),(276,'AJ05559802',NULL,3,40,48),(277,'AJ05559837',NULL,3,40,51),(278,'AJ05559780',NULL,3,40,54),(279,'AJ05559956',NULL,3,19,56),(280,'AJ05559768',NULL,3,18,57),(281,'AJ05559605',NULL,3,40,60),(282,'AJ05563957',NULL,3,40,63),(283,'AJ05559678',NULL,3,40,64),(284,'AJ05559817',NULL,3,5,66),(285,'AJ05559830',NULL,3,5,66),(286,'AJ05559760',NULL,3,40,67),(287,'AJ05559758',NULL,3,31,68),(288,'AJ05559677',NULL,3,23,69),(289,'AJ05559793',NULL,3,23,69),(290,'AJ05559756',NULL,3,25,70),(291,'AJ05559466',NULL,3,40,71),(292,'AJ05559545',NULL,3,40,72),(293,'AJ05559534',NULL,3,40,72),(294,'AJ05559653',NULL,3,40,73),(295,'AJ05559654',NULL,3,6,74),(296,'AJ05559600',NULL,3,13,75),(297,'AJ05559630',NULL,3,13,75),(298,'AJ05559578',NULL,3,40,76),(299,'AJ05559567',NULL,3,40,77),(300,'AJ05559509',NULL,3,21,78),(301,'AJ05559591',NULL,3,21,78),(302,'AJ05560069',NULL,3,40,79),(303,'AJ05559457',NULL,3,8,80),(304,'AJ05559481',NULL,3,9,81),(305,'AJ05559523',NULL,3,9,81),(306,'AJ05559465',NULL,3,10,82),(307,'AJ05559455',NULL,3,12,79),(308,'AJ05559522',NULL,3,12,79),(309,'AJ05559544',NULL,3,11,84),(310,'AJ05559557',NULL,3,11,84),(312,'AJ05559733',NULL,3,40,121),(313,'AJ05559665',NULL,3,32,85),(314,'AJ05560010',NULL,3,32,85),(315,'AJ05559980',NULL,3,36,86),(316,'AJ05559987',NULL,3,16,133),(317,'AJ05559976',NULL,3,20,87),(318,'AJ05559655',NULL,3,20,87),(319,'AJ05559579',NULL,3,38,88),(320,'AJ05559510',NULL,3,40,89),(321,'AJ05559944',NULL,3,33,3),(322,'AJ05559964',NULL,3,35,4),(324,'AJ05559501',NULL,3,34,5),(325,'AJ05559859',NULL,3,34,5),(326,'AJ05559968',NULL,3,14,135),(330,'AJ05559690',NULL,3,40,7),(333,'AJ05559691',NULL,3,40,136),(334,'AJ05559999',NULL,3,26,2),(335,'AJ05559746',NULL,3,26,2),(337,'AJ05559469',NULL,3,15,1),(338,'AJ05559769',NULL,3,40,97),(339,'AJ05559782',NULL,3,40,97),(340,'AJ05559986',NULL,3,46,98),(341,'AJ05559454',NULL,3,40,99),(343,'AJ05560251',NULL,3,40,104),(344,'AJ05559715',NULL,3,40,106),(345,'AJ05560064',NULL,3,49,107),(346,'AJ05559805',NULL,3,1,108),(347,'AJ05564099',NULL,3,40,110),(348,'AJ05560312',NULL,3,50,111),(349,'AJ05560288',NULL,3,51,112),(350,'AJ05560277',NULL,3,51,112),(351,'AJ05560311',NULL,3,58,113),(352,'AJ05559513',NULL,3,27,115),(353,'AJ05559847',NULL,3,52,116),(354,'AJ05560031',NULL,2,40,8),(356,'AJ05560016',NULL,2,40,10),(357,'AJ05559962',NULL,2,40,11),(358,'AJ05559963',NULL,2,40,12),(359,'AJ05563884',NULL,2,28,13),(360,'AJ05560124',NULL,2,40,15),(361,'AJ05559488',NULL,2,30,16),(362,'AJ05560068',NULL,2,40,17),(363,'AJ05559380',NULL,2,40,18),(364,'AJ05559607',NULL,2,40,19),(365,'AJ05560109',NULL,2,42,21),(366,'AJ05560097',NULL,2,43,22),(367,'AJ05559939',NULL,2,40,32),(368,'AJ05559988',NULL,2,40,35),(369,'AJ05559943',NULL,2,40,36),(370,'AJ05559838',NULL,2,40,37),(371,'AJ05560062',NULL,2,40,38),(372,'AJ05560023',NULL,2,40,39),(373,'AJ05559396',NULL,2,40,40),(374,'AJ05559826',NULL,2,40,41),(375,'AJ05559453',NULL,2,40,42),(376,'AJ05559951',NULL,2,40,43),(377,'AJ05559967',NULL,2,3,44),(378,'AJ05560011',NULL,2,40,45),(379,'AJ05560044',NULL,2,40,46),(380,'AJ05559975',NULL,2,40,47),(381,'AJ05559618',NULL,2,40,48),(382,'AJ05559803',NULL,2,40,49),(383,'AJ05559974',NULL,2,40,50),(384,'AJ05559801',NULL,2,40,51),(385,'AJ05559966',NULL,2,17,53),(387,'AJ05559978',NULL,2,40,55),(388,'AJ05559476',NULL,2,19,56),(391,'AJ05559568',NULL,2,40,60),(392,'AJ05559644',NULL,2,40,61),(393,'AJ05560012',NULL,2,40,62),(394,'AJ05559728',NULL,2,40,63),(395,'AJ05559818',NULL,2,40,64),(396,'AJ05559806',NULL,2,5,66),(397,'AJ05559772',NULL,2,40,67),(398,'AJ05559411',NULL,2,31,68),(399,'AJ05559794',NULL,2,23,69),(400,'AJ05559807',NULL,2,25,70),(401,'AJ05559744',NULL,2,40,71),(402,'AJ05560230',NULL,2,40,72),(404,'AJ05559592',NULL,2,6,74),(405,'AJ05559642',NULL,2,13,75),(406,'AJ05559621',NULL,2,40,76),(407,'AJ05559535',NULL,2,40,77),(408,'AJ05559609',NULL,2,21,78),(409,'AJ05560028',NULL,2,40,79),(410,'AJ05559451',NULL,2,8,80),(411,'AJ05559452',NULL,2,9,81),(412,'AJ05559511',NULL,2,10,82),(413,'AJ05559546',NULL,2,12,79),(414,'AJ05559606',NULL,2,11,84),(416,'AJ05559392',NULL,2,40,121),(417,'AJ05559670',NULL,2,40,122),(418,'AJ05559632',NULL,2,40,123),(419,'AJ05560024',NULL,2,32,85),(420,'AJ05559619',NULL,2,36,86),(422,'AJ05559378',NULL,2,20,87),(423,'AJ05559814',NULL,2,38,88),(424,'AJ05564095',NULL,2,40,89),(425,'AJ05559836',NULL,2,33,3),(426,'AJ05559979',NULL,2,35,4),(428,'AJ05559499',NULL,2,40,5),(433,'AJ05559643',NULL,2,26,2),(434,'AJ05559698',NULL,2,15,1),(435,'AJ05559608',NULL,2,40,97),(436,'AJ05560000',NULL,2,46,98),(437,'AJ05559992',NULL,2,40,99),(438,'AJ05560303',NULL,2,40,104),(439,'AJ05559732',NULL,2,40,137),(440,'AJ05560123',NULL,2,40,138),(441,'AJ05560229',NULL,2,40,106),(442,'AJ05559464',NULL,2,40,109),(443,'AJ05560249',NULL,2,40,110),(444,'AJ05560241',NULL,2,50,111),(445,'AJ05560079',NULL,2,51,112),(446,'AJ05564109',NULL,2,58,113),(447,'AJ05559580',NULL,2,27,115),(448,'AJ05559408',NULL,2,52,116),(449,'AJ05559384',NULL,2,53,117),(450,'9C8E99D857F7',NULL,1,40,11),(451,'9C8E99C7E569',NULL,1,40,12),(452,'12WZ412701A5',NULL,1,40,30),(453,'12WZ4127019W',NULL,1,40,31),(454,'MXL14125HR',NULL,1,40,32),(455,'12WZ4127019G',NULL,1,40,33),(456,'12WZ412701A4',NULL,1,40,34),(457,'MXL14125PY',NULL,1,40,35),(458,'MXL14125HG',NULL,1,40,36),(459,'MXL14125JG',NULL,1,40,37),(460,'MXL14125MD',NULL,1,40,38),(461,'MXL14125MF',NULL,1,40,39),(462,'MXL14125M8',NULL,1,40,40),(463,'MXL14125JR',NULL,1,40,42),(464,'MXL14125GP',NULL,1,3,44),(465,'MXL2051NLG',NULL,1,40,45),(466,'MXL2090RJX',NULL,1,40,46),(467,'MXL14125H0',NULL,1,40,50),(468,'SQ282UC#ABA',NULL,1,40,51),(469,'MXL1420BDS',NULL,1,40,54),(470,'MXL14125JF',NULL,1,40,55),(471,'MXL14125GH',NULL,1,19,56),(472,'MXL14125JN',NULL,1,18,57),(473,'MXL14125PF',NULL,1,40,58),(474,'MXL2051NLK',NULL,1,40,59),(475,'MXL2051NL7',NULL,1,5,66),(476,'MXL14125LY',NULL,1,40,67),(477,'MXL14125PX',NULL,1,31,68),(478,'MXL14125MC',NULL,1,23,69),(479,'MXL14125HV',NULL,1,40,71),(480,'MXL14125LJ',NULL,1,40,72),(481,'MXL14125KX',NULL,1,40,73),(482,'MXL14125L6',NULL,1,6,74),(483,'MXL14125NF',NULL,1,13,75),(484,'MXL2090RJY',NULL,1,40,76),(485,'MXL14125Q4',NULL,1,40,77),(486,'MXL2051NLN',NULL,1,21,78),(487,'MXL14125LL',NULL,1,40,79),(488,'MXL1420BCY',NULL,1,9,81),(489,'MXL14125K5',NULL,1,10,82),(491,'MXL14125PC',NULL,1,11,84),(492,'MXL2090RJW',NULL,1,36,86),(494,'MXL14125MP',NULL,1,20,87),(497,'MXL1420BD8',NULL,1,40,7),(499,'MXL1130Z03',NULL,1,40,137),(500,'9C8E99C7E559',NULL,1,40,109),(501,'MXL2051NLL',NULL,1,27,115),(502,'5CG5074L26','',8,28,2),(504,'CNU4279D41','',8,8,175),(505,'5CG52443MR','',8,25,175),(506,'5CG5141N25','',8,24,79),(507,'CNU321C282','',8,27,115),(508,'2CE3210762','',8,46,65),(509,'5CG5282QZ8','',8,34,175),(510,'5CG53131BF','',8,6,111),(511,'CNU330B032','',8,26,175),(512,'5CG5141KS6','',8,58,113),(513,'5CG5141NBG','',8,50,175),(514,'5CG602382V','',8,7,3),(515,'5CG5281V75','',8,12,79),(516,'5CG6040Z5X','',8,2,118),(517,'5CG601XB9D','',9,57,100),(518,'5CG611828T','',8,57,100),(520,'CND626BN15','',8,53,117),(522,'5CG5281Z2X','',8,59,175),(523,'5CG60238HQ','',8,37,32),(524,'5CG6040Z4Q','',8,5,175),(526,'5CB24503YN','',8,61,175),(527,'CNU416B9QH','',8,48,175),(528,'5CG5244KY0','',8,15,101),(529,'5CG5244KY3','',8,40,175),(530,'5CG528Y00','',8,62,66),(531,'CND4387QN0','',8,45,175),(532,'2CE3310TZ8','',8,51,175),(533,'MXL1292FBB','',8,57,100),(534,'2CE3180ZS7','',8,50,175),(535,'CNU317CDPN','',8,63,175),(536,'5CG448392F','',8,64,175),(537,'CNU316C45L','',8,65,175),(538,'CNU331BBP0','',8,43,175),(539,'CNU412BT45','',8,66,175),(540,'CNU408CHZS','',8,29,175),(541,'CNU316BTQT','',8,31,175),(542,'5S4QJ72','',8,28,175),(543,'5CG44245BB','',8,42,175),(544,'5CG4424588','',8,42,175),(545,'5CG4424566','',8,42,175),(546,'CND525BN15','',8,53,117),(547,'5CG5311ZDD','',8,11,175),(548,'5CB24912HC','',8,67,175),(549,'5CB249118N','',8,68,175),(550,'5CG528235T','',8,69,175),(551,'5CG5282KQW','',8,70,4),(552,'CNU401BL7B','',8,71,175),(553,'5CG52621S0','',8,72,175),(554,'5CG5311YVV','',8,73,175),(555,'5CG53120NQ','',8,74,175),(556,'5CG5220WQR','',8,75,66),(557,'5CG6040ZLG','',8,59,175),(558,'5CG612632D','',8,76,175),(561,'93','',2,2,118),(562,' CNU402ZVF2 ','',9,2,118),(563,'35','',3,2,118),(564,'5CG502WS5J','Ultra Slim Dock',9,60,111),(565,'CNU426XVG1','Ultra Slim Dock',9,27,115),(567,'5CG546X8S7','Ultra Slim Dock',9,1,108),(569,'5CG523227N','',9,59,120),(570,'5CG504ZYJ3','',9,28,2),(571,'5CG601XB9B','',9,37,32),(572,'CNU432ZY04','',9,7,3),(574,'5CG527W444','',9,6,112),(575,'5cg613xdz4','Hp 2013UltaSlim',9,70,4),(576,'5CG5281XTQ ','HP EliteBook 745 G2 ',8,40,175),(577,'R31D11AW34H','Samsung',11,2,118),(578,'CNU247ZGBB','Ultra Slim Dock',9,61,175),(580,' 5CG5124LJ8','Elite Book',8,75,33),(581,'5CG614ZC57','Ultra Slim Dock',9,75,33),(582,'5CG5312191','HP ELITEBOOK 745 G2',8,14,31),(583,'5CG614ZC5W','Ultra Slim Dock',9,14,31),(584,'CNU437Z43F','Ultra Slim Dock',9,12,79),(586,'5CG518ZDT5','Ultra Slim Dock',9,50,113),(587,'CG5240Y84','Elite Book',8,57,100),(588,'5CG5240Y84','Elite Book',8,77,104),(589,'CNU436Z1TF','Slim Line Docking Station',9,77,104),(590,'5CG5124LJ8','HP EliteBook 840 G1',8,75,33),(591,'CNU4279D4','',8,8,80),(592,'5CG504ZYJ6','Slim Line Docking Station',9,8,80),(593,'409KPED393732','LG D850',11,46,65),(594,'5CG5282KVL','HP EliteBook 745 G2 ',8,50,113);
/*!40000 ALTER TABLE `inventory` ENABLE KEYS */;
UNLOCK TABLES;

--
-- Table structure for table `projects`
--

DROP TABLE IF EXISTS `projects`;
/*!40101 SET @saved_cs_client     = @@character_set_client */;
/*!40101 SET character_set_client = utf8 */;
CREATE TABLE `projects` (
  `id` int(10) unsigned NOT NULL AUTO_INCREMENT,
  `pname` varchar(30) NOT NULL,
  `start_date` date DEFAULT NULL,
  `end_date` date DEFAULT NULL,
  `description` varchar(250) DEFAULT NULL,
  PRIMARY KEY (`id`),
  UNIQUE KEY `pname_UNIQUE` (`pname`)
) ENGINE=InnoDB AUTO_INCREMENT=12 DEFAULT CHARSET=utf8;
/*!40101 SET character_set_client = @saved_cs_client */;

--
-- Dumping data for table `projects`
--

LOCK TABLES `projects` WRITE;
/*!40000 ALTER TABLE `projects` DISABLE KEYS */;
INSERT INTO `projects` VALUES (1,'IHG','2012-10-19',NULL,NULL),(2,'IT sopport',NULL,NULL,NULL),(3,'Chicos',NULL,NULL,NULL),(5,'J & J',NULL,NULL,NULL),(6,'Longhorn',NULL,NULL,NULL),(7,'MetLife / J&J',NULL,NULL,NULL),(8,'NM PSFA',NULL,NULL,NULL),(9,'Other',NULL,NULL,NULL),(10,'RCT Team',NULL,NULL,NULL),(11,'Verizon',NULL,NULL,NULL);
/*!40000 ALTER TABLE `projects` ENABLE KEYS */;
UNLOCK TABLES;
/*!40103 SET TIME_ZONE=@OLD_TIME_ZONE */;

/*!40101 SET SQL_MODE=@OLD_SQL_MODE */;
/*!40014 SET FOREIGN_KEY_CHECKS=@OLD_FOREIGN_KEY_CHECKS */;
/*!40014 SET UNIQUE_CHECKS=@OLD_UNIQUE_CHECKS */;
/*!40101 SET CHARACTER_SET_CLIENT=@OLD_CHARACTER_SET_CLIENT */;
/*!40101 SET CHARACTER_SET_RESULTS=@OLD_CHARACTER_SET_RESULTS */;
/*!40101 SET COLLATION_CONNECTION=@OLD_COLLATION_CONNECTION */;
/*!40111 SET SQL_NOTES=@OLD_SQL_NOTES */;

-- Dump completed on 2016-10-21 13:59:55
